ID,product_ID,branch_ID,quantityOnHand,quantityReserved,reorderLevel,lastCountedAt,status
1,1,1,50,5,10,2026-09-01,OK
2,2,1,3,0,5,2026-09-01,LOW
3,3,1,100,10,20,2026-09-01,OK
4,4,1,2,0,3,2026-09-01,LOW
5,5,1,15,2,8,2026-09-01,OK
6,1,2,8,1,10,2026-09-05,CRITICAL
7,2,2,10,2,5,2026-09-05,OK
8,3,2,30,5,20,2026-09-05,OK
9,4,2,5,0,3,2026-09-05,OK
10,5,2,4,1,8,2026-09-05,LOW
11,1,3,20,3,10,2026-09-10,OK
12,2,3,7,1,5,2026-09-10,OK
13,3,3,50,5,20,2026-09-10,OK
14,4,3,1,0,3,2026-09-10,CRITICAL
15,5,3,12,2,8,2026-09-10,OK